{
  "status": "validated",
  "execution_time": 37.600695848464966,
  "iterations": 1000,
  "converged": false,
  "proton_mass": "1228.883547923223",
  "charge_radius": 0.6449905361197644,
  "magnetic_moment": 0.13467460320986666,
  "electric_charge": 1.0000358059978824,
  "baryon_number": "(0.0002638625513963975+0.0011854445102474054j)",
  "energy_balance": 0.5,
  "total_energy": "1228.883547923223",
  "validation_status": "failed",
  "validation_score": 0.16999999999999998,
  "config": {
    "grid_size": 16,
    "box_size": 2.0,
    "torus_config": "120deg",
    "R_torus": 1.0,
    "r_torus": 0.2,
    "profile_type": "tanh",
    "f_0": 3.141592653589793,
    "f_inf": 0.0,
    "r_scale": 1.0,
    "c2": 1.0,
    "c4": 1.0,
    "c6": 1.0,
    "F_pi": 186.0,
    "e": 5.45,
    "max_iterations": 1000,
    "convergence_tol": 1e-06,
    "step_size": 0.01,
    "relaxation_method": "gradient_descent",
    "lambda_B": 1000.0,
    "lambda_Q": 1000.0,
    "lambda_virial": 1000.0,
    "validation_enabled": true,
    "save_reports": true,
    "output_dir": "results/fixed_magnetic",
    "cuda_device_id": null,
    "cuda": null
  },
  "error_message": null
}