{
  "status": "validated",
  "execution_time": 79.85859608650208,
  "iterations": 1000,
  "converged": false,
  "proton_mass": 990.3691118844387,
  "charge_radius": 0.7286271177205734,
  "magnetic_moment": -4.58214380754019e-14,
  "electric_charge": 1.0004314710736155,
  "baryon_number": "(0.0009976595072260994+0.0015322054751205055j)",
  "energy_balance": 0.5,
  "total_energy": 990.3691118844387,
  "validation_status": "failed",
  "validation_score": 0.24,
  "config": {
    "grid_size": 32,
    "box_size": 3.0,
    "torus_config": "120deg",
    "R_torus": 1.0,
    "r_torus": 0.2,
    "profile_type": "tanh",
    "f_0": 3.141592653589793,
    "f_inf": 0.0,
    "r_scale": 1.0,
    "c2": 2.9601757422395516,
    "c4": 0.3332011278200082,
    "c6": 6.036121108900816,
    "F_pi": 186.0,
    "e": 5.45,
    "max_iterations": 1000,
    "convergence_tol": 1e-06,
    "step_size": 0.01,
    "relaxation_method": "gradient_descent",
    "lambda_B": 1000.0,
    "lambda_Q": 1000.0,
    "lambda_virial": 1000.0,
    "validation_enabled": true,
    "save_reports": true,
    "output_dir": "results/tuned_skyrme",
    "cuda_device_id": null,
    "cuda": null
  },
  "error_message": null
}